model,run_id,split,epoch,pose_loss,affinity_loss,balanced_acc,accuracy,recall_neg,recall_pos,mae,rmse,pearson_r,spearman_rho,c_index,pr_auc,total_loss_proxy
equibind,20260502_095137,test,2,1.193,11.7682,0.5111,0.215,0.1056,0.9165,11.8676,12.1479,0.0624,0.076,0.5235,0.1343,12.9612
equibind,20260502_095137,test,4,0.8399,11.9668,0.504,0.1429,0.0095,0.9984,12.0917,12.497,-0.2094,-0.2162,0.4264,0.1384,12.8067
equibind,20260502_095137,test,6,0.8465,1.3897,0.5021,0.1455,0.0138,0.9904,1.7812,2.1899,0.2192,0.2335,0.5759,0.1564,2.2362
equibind,20260502_095137,test,8,0.8874,1.3849,0.5006,0.136,0.0013,1.0,1.784,2.2103,0.2146,0.2273,0.5778,0.1396,2.2723
equibind,20260502_095137,test,10,0.87,1.4328,0.5005,0.1358,0.001,1.0,1.8201,2.2626,0.2132,0.2154,0.5759,0.1616,2.3028
equibind,20260502_095137,test,12,0.8704,1.3673,0.4999,0.136,0.0015,0.9984,1.739,2.1912,0.2895,0.3046,0.6009,0.1477,2.2377
equibind,20260502_095137,test,14,0.8815,1.2918,0.5015,0.1375,0.003,1.0,1.6845,2.0941,0.3251,0.3553,0.621,0.1349,2.1733000000000002
equibind,20260502_095137,test,16,0.868,1.2379,0.5,0.1349,0.0,1.0,1.6259,2.0691,0.3396,0.3608,0.6255,0.1512,2.1059
equibind,20260502_095137,test,18,0.8677,1.2463,0.5001,0.1351,0.0003,1.0,1.6303,2.0149,0.427,0.4491,0.6554,0.1448,2.114
equibind,20260502_095137,test,20,0.8622,1.2203,0.5,0.1349,0.0,1.0,1.6073,2.02,0.3864,0.4073,0.6415,0.147,2.0825
equibind,20260502_095137,test,22,0.857,1.3204,0.5,0.1349,0.0,1.0,1.6987,2.1096,0.3482,0.3676,0.6283,0.1484,2.1774
equibind,20260502_095137,test,24,0.8651,1.3434,0.5,0.1349,0.0,1.0,1.7255,2.1362,0.3664,0.3645,0.6237,0.1536,2.2085
equibind,20260502_095137,test,26,0.8612,1.1734,0.5004,0.1356,0.0008,1.0,1.5387,1.9931,0.4448,0.4463,0.6564,0.1562,2.0346
equibind,20260502_095137,test,28,0.8608,1.1799,0.5001,0.1351,0.0003,1.0,1.5612,1.9536,0.4485,0.4484,0.6491,0.1705,2.0407
equibind,20260502_095137,test,30,0.8567,1.1746,0.5,0.1349,0.0,1.0,1.5487,1.9576,0.4497,0.4688,0.6671,0.1649,2.0313
equibind,20260502_095137,test,32,0.8634,1.2646,0.5003,0.1353,0.0005,1.0,1.6416,2.063,0.3785,0.3832,0.6307,0.1513,2.128
equibind,20260502_095137,test,34,0.8681,1.1417,0.5,0.1349,0.0,1.0,1.519,1.9138,0.4854,0.4816,0.6695,0.1523,2.0098
equibind,20260502_095137,test,36,0.87,1.1474,0.5,0.1349,0.0,1.0,1.5222,1.9382,0.4872,0.4687,0.6656,0.1507,2.0174
equibind,20260502_095137,test,38,0.864,1.1333,0.5,0.1349,0.0,1.0,1.5147,1.8968,0.4988,0.4901,0.6699,0.1484,1.9973
equibind,20260502_095137,test,40,0.8641,1.2382,0.5,0.1349,0.0,1.0,1.6274,1.9904,0.5092,0.5009,0.6749,0.151,2.1023
equibind,20260502_095137,test,42,0.8673,1.1837,0.5,0.1349,0.0,1.0,1.5725,1.9292,0.526,0.5015,0.6771,0.153,2.051
equibind,20260502_095137,test,44,0.8668,1.1742,0.5001,0.1351,0.0003,1.0,1.5654,1.9261,0.4731,0.4485,0.6534,0.1444,2.041
equibind,20260502_095137,test,46,0.8719,1.0931,0.5,0.1349,0.0,1.0,1.4867,1.8472,0.5367,0.5238,0.6846,0.1512,1.9649999999999999
equibind,20260502_095137,test,48,0.8645,1.0959,0.5,0.1349,0.0,1.0,1.4777,1.8372,0.5437,0.5312,0.6845,0.152,1.9604000000000001
equibind,20260502_095137,test,50,0.8603,1.067,0.5,0.1349,0.0,1.0,1.4491,1.8354,0.5473,0.5209,0.6844,0.157,1.9272999999999998
equibind,20260502_095137,test,52,0.8627,1.047,0.5,0.1349,0.0,1.0,1.4304,1.809,0.5818,0.5602,0.7049,0.1614,1.9097
equibind,20260502_095137,test,54,0.8716,1.0852,0.5,0.1349,0.0,1.0,1.4674,1.8526,0.53,0.512,0.6784,0.156,1.9567999999999999
equibind,20260502_095137,test,56,0.8576,1.09,0.5,0.1349,0.0,1.0,1.4701,1.8285,0.5705,0.5492,0.695,0.1485,1.9476
equibind,20260502_095137,test,58,0.8574,1.1357,0.5,0.1349,0.0,1.0,1.5224,1.9035,0.5358,0.5349,0.6881,0.157,1.9931
equibind,20260502_095137,test,60,0.8698,1.0357,0.5,0.1349,0.0,1.0,1.4221,1.7849,0.5885,0.5752,0.7069,0.1575,1.9055
equibind,20260502_095137,test,62,0.8617,1.0593,0.5,0.1349,0.0,1.0,1.4502,1.8061,0.5642,0.5547,0.697,0.1505,1.9209999999999998
equibind,20260502_095137,test,64,0.8617,1.0728,0.5,0.1349,0.0,1.0,1.4496,1.8261,0.5739,0.551,0.6967,0.1501,1.9344999999999999
equibind,20260502_095137,test,66,0.8734,1.0236,0.5,0.1349,0.0,1.0,1.4047,1.7594,0.6096,0.5992,0.7151,0.1516,1.897
equibind,20260502_095137,test,68,0.8754,1.017,0.5,0.1349,0.0,1.0,1.3946,1.7504,0.6165,0.6028,0.7198,0.1572,1.8923999999999999
equibind,20260502_095137,test,70,0.8651,0.9878,0.5,0.1349,0.0,1.0,1.361,1.7234,0.6261,0.6062,0.7155,0.1533,1.8529
equibind,20260502_095137,test,72,0.8587,0.9893,0.5,0.1349,0.0,1.0,1.3705,1.7407,0.606,0.583,0.7139,0.1529,1.8479999999999999
equibind,20260502_095137,test,74,0.8625,0.9765,0.5001,0.1351,0.0003,1.0,1.36,1.7135,0.6234,0.5937,0.7108,0.1572,1.839
equibind,20260502_095137,test,76,0.8602,0.9817,0.5,0.1349,0.0,1.0,1.3742,1.7136,0.6296,0.6061,0.7188,0.1559,1.8418999999999999
equibind,20260502_095137,test,78,0.8558,1.0112,0.5,0.1349,0.0,1.0,1.4032,1.751,0.6059,0.5814,0.707,0.1543,1.867
equibind,20260502_095137,test,80,0.8645,0.9993,0.5,0.1349,0.0,1.0,1.3768,1.741,0.6045,0.5734,0.7062,0.1559,1.8638
equibind,20260502_095137,test,82,0.8632,0.9942,0.5009,0.1364,0.0018,1.0,1.3686,1.7169,0.6234,0.5927,0.7149,0.1545,1.8574
equibind,20260502_095137,test,84,0.8618,0.9597,0.5,0.1349,0.0,1.0,1.3333,1.6852,0.642,0.6151,0.7201,0.1543,1.8215
equibind,20260502_095137,test,86,0.8696,0.9881,0.5,0.1349,0.0,1.0,1.3737,1.7339,0.6169,0.598,0.7136,0.1596,1.8577
equibind,20260502_095137,train,2,1.0624,12.0,0.5095,0.2198,0.1238,0.8953,12.0669,12.3355,-0.0169,-0.0028,0.5043,0.1264,13.0624
equibind,20260502_095137,train,4,0.8397,12.2874,0.5015,0.1382,0.0178,0.9853,12.345,12.7017,-0.1602,-0.1453,0.4512,0.1355,13.1271
equibind,20260502_095137,train,6,0.8394,1.2105,0.5033,0.1444,0.0254,0.9812,1.582,1.9378,0.3828,0.347,0.6205,0.1411,2.0499
equibind,20260502_095137,train,8,0.8898,1.161,0.5002,0.1253,0.001,0.9994,1.5294,1.8817,0.4236,0.4064,0.6373,0.1272,2.0508
equibind,20260502_095137,train,10,0.8648,1.2091,0.4999,0.1263,0.0025,0.9973,1.5752,1.9283,0.4321,0.3945,0.6357,0.1469,2.0739
equibind,20260502_095137,train,12,0.867,1.1951,0.5,0.1251,0.0009,0.9991,1.5641,1.92,0.4614,0.4339,0.6488,0.1392,2.0621
equibind,20260502_095137,train,14,0.8789,1.1457,0.5,0.1246,0.0002,0.9997,1.516,1.8599,0.455,0.4252,0.6459,0.1277,2.0246
equibind,20260502_095137,train,16,0.868,1.1055,0.5,0.1245,0.0001,1.0,1.4756,1.8313,0.4668,0.459,0.6531,0.1373,1.9735
equibind,20260502_095137,train,18,0.8667,1.0546,0.5006,0.1261,0.002,0.9992,1.4206,1.7621,0.5237,0.516,0.6771,0.1432,1.9213
equibind,20260502_095137,train,20,0.8635,1.0465,0.5009,0.1273,0.0034,0.9985,1.4126,1.7585,0.5234,0.5207,0.6814,0.1489,1.9100000000000001
equibind,20260502_095137,train,22,0.8589,1.0684,0.4998,0.1244,0.0,0.9995,1.4297,1.7826,0.5147,0.5071,0.6735,0.1433,1.9273
equibind,20260502_095137,train,24,0.8628,1.0266,0.4999,0.1245,0.0001,0.9996,1.3879,1.7593,0.5485,0.5447,0.6907,0.1493,1.8894
equibind,20260502_095137,train,26,0.864,1.0348,0.5,0.1246,0.0002,0.9999,1.3994,1.768,0.5687,0.5617,0.6949,0.1474,1.8988
equibind,20260502_095137,train,28,0.8626,0.9554,0.5,0.1246,0.0002,0.9997,1.318,1.6589,0.5863,0.5781,0.7049,0.1501,1.818
equibind,20260502_095137,train,30,0.8624,1.015,0.4999,0.1245,0.0001,0.9997,1.3786,1.7208,0.5459,0.5327,0.6833,0.1447,1.8774
equibind,20260502_095137,train,32,0.8633,0.9844,0.5008,0.1262,0.0021,0.9996,1.3491,1.7033,0.5737,0.5633,0.7,0.1464,1.8477000000000001
equibind,20260502_095137,train,34,0.8725,0.9636,0.4999,0.1244,0.0,0.9999,1.3219,1.6757,0.5893,0.5771,0.7047,0.1485,1.8361
equibind,20260502_095137,train,36,0.8679,0.9913,0.5002,0.1248,0.0004,0.9999,1.3497,1.7131,0.5945,0.5923,0.7082,0.1448,1.8592
equibind,20260502_095137,train,38,0.8599,0.9502,0.5001,0.1247,0.0003,0.9999,1.3094,1.6643,0.5964,0.5925,0.7096,0.1522,1.8101
equibind,20260502_095137,train,40,0.8632,1.033,0.5,0.1245,0.0001,1.0,1.3939,1.7473,0.5939,0.5895,0.7081,0.1511,1.8961999999999999
equibind,20260502_095137,train,42,0.8628,0.9641,0.5,0.1246,0.0001,0.9999,1.3213,1.6681,0.6078,0.6028,0.7137,0.1512,1.8269
equibind,20260502_095137,train,44,0.8596,0.9266,0.5028,0.1322,0.0094,0.9961,1.2854,1.6274,0.608,0.6,0.7152,0.151,1.7862
equibind,20260502_095137,train,46,0.8643,0.9008,0.5001,0.1247,0.0003,0.9999,1.2586,1.6018,0.6268,0.6203,0.7203,0.1519,1.7651
equibind,20260502_095137,train,48,0.8618,0.9033,0.5001,0.1247,0.0003,0.9999,1.2648,1.6063,0.6221,0.6145,0.717,0.1536,1.7651
equibind,20260502_095137,train,50,0.8576,0.9255,0.5002,0.1249,0.0005,0.9999,1.2845,1.6338,0.6059,0.6017,0.7135,0.1569,1.7831000000000001
equibind,20260502_095137,train,52,0.8611,0.92,0.5,0.1245,0.0,1.0,1.2803,1.6144,0.6315,0.6228,0.7238,0.155,1.7811
equibind,20260502_095137,train,54,0.8737,0.897,0.5,0.1245,0.0,1.0,1.2581,1.612,0.6257,0.6159,0.7228,0.1557,1.7707000000000002
equibind,20260502_095137,train,56,0.8551,0.8766,0.5,0.1245,0.0001,0.9999,1.2325,1.5752,0.6427,0.6368,0.7285,0.1565,1.7317
equibind,20260502_095137,train,58,0.8588,0.9519,0.5002,0.1249,0.0005,1.0,1.3096,1.6514,0.6367,0.6364,0.7279,0.157,1.8107
equibind,20260502_095137,train,60,0.8676,0.8771,0.5,0.1245,0.0001,1.0,1.2302,1.5624,0.6468,0.6456,0.7373,0.1564,1.7447
equibind,20260502_095137,train,62,0.8624,0.8559,0.4999,0.1256,0.0015,0.9983,1.2176,1.5413,0.6606,0.6587,0.7358,0.1553,1.7183000000000002
equibind,20260502_095137,train,64,0.8603,0.8635,0.5,0.1245,0.0,1.0,1.2186,1.548,0.6661,0.6614,0.7405,0.1577,1.7238
equibind,20260502_095137,train,66,0.8665,0.8321,0.5001,0.1246,0.0001,1.0,1.1894,1.507,0.6778,0.6732,0.7382,0.1588,1.6985999999999999
equibind,20260502_095137,train,68,0.8664,0.8518,0.5001,0.1248,0.0004,0.9999,1.2044,1.5281,0.6723,0.6692,0.7384,0.1564,1.7182
equibind,20260502_095137,train,70,0.8645,0.8251,0.5,0.1245,0.0,1.0,1.1813,1.4989,0.6815,0.6818,0.7491,0.1578,1.6896
equibind,20260502_095137,train,72,0.8556,0.7999,0.5,0.1245,0.0,1.0,1.1585,1.4808,0.6928,0.688,0.7496,0.1561,1.6555
equibind,20260502_095137,train,74,0.8595,0.8088,0.5004,0.1253,0.001,0.9997,1.1637,1.4879,0.6906,0.6869,0.7492,0.1573,1.6683
equibind,20260502_095137,train,76,0.8608,0.8076,0.5,0.1245,0.0,1.0,1.1604,1.4819,0.6914,0.6898,0.7491,0.1569,1.6684
equibind,20260502_095137,train,78,0.8562,0.8009,0.5,0.1245,0.0,1.0,1.1523,1.4823,0.6944,0.6924,0.7511,0.1566,1.6570999999999998
equibind,20260502_095137,train,80,0.8602,0.7949,0.5,0.1245,0.0001,1.0,1.148,1.4732,0.6947,0.6933,0.7529,0.155,1.6551
equibind,20260502_095137,train,82,0.8604,0.7879,0.5004,0.1262,0.0022,0.9986,1.1426,1.4614,0.7017,0.7009,0.7546,0.156,1.6483
equibind,20260502_095137,train,84,0.8609,0.7679,0.5,0.1245,0.0,1.0,1.1227,1.4407,0.7117,0.7091,0.7593,0.159,1.6288
equibind,20260502_095137,train,86,0.8667,0.7802,0.5,0.1245,0.0,1.0,1.1365,1.447,0.71,0.7079,0.7573,0.1579,1.6469
geoformerdock,adhoc_geoformerdock,test,2,0.4952,1.5608,0.4865,0.8393,0.9697,0.0032,1.9261,2.3972,0.0232,0.0202,0.5052,0.1015,2.056
geoformerdock,adhoc_geoformerdock,test,4,0.4493,1.8129,0.502,0.851,0.98,0.0241,2.1686,2.676,0.0202,-0.0256,0.4897,0.1533,2.2622
geoformerdock,adhoc_geoformerdock,test,6,0.6519,1.6679,0.5953,0.6596,0.6834,0.5072,2.028,2.4197,0.6712,0.6705,0.7401,0.2045,2.3198
geoformerdock,adhoc_geoformerdock,test,8,0.7719,1.3639,0.546,0.259,0.1529,0.939,1.7283,2.0923,0.6977,0.6929,0.7513,0.2249,2.1357999999999997
geoformerdock,adhoc_geoformerdock,test,10,0.7708,1.0623,0.5683,0.314,0.22,0.9165,1.4287,1.7618,0.7158,0.7121,0.7614,0.2545,1.8331
geoformerdock,adhoc_geoformerdock,test,12,0.8817,0.8578,0.5237,0.1795,0.0523,0.9952,1.2233,1.5311,0.7191,0.7219,0.7671,0.2506,1.7395
geoformerdock,adhoc_geoformerdock,test,14,0.7805,0.8973,0.5987,0.3374,0.2408,0.9567,1.2588,1.5847,0.7267,0.7394,0.7694,0.2999,1.6778
geoformerdock,adhoc_geoformerdock,test,16,0.7511,0.8536,0.6144,0.3644,0.2721,0.9567,1.2197,1.5349,0.7331,0.7268,0.7679,0.3257,1.6047
geoformerdock,adhoc_geoformerdock,test,18,0.7049,0.823,0.6675,0.5056,0.4458,0.8892,1.1846,1.4887,0.7464,0.7425,0.7793,0.3347,1.5278999999999998
geoformerdock,adhoc_geoformerdock,test,20,0.7197,0.8213,0.6571,0.4853,0.4218,0.8925,1.1761,1.4903,0.7414,0.7399,0.7779,0.3341,1.541
geoformerdock,adhoc_geoformerdock,test,22,0.6588,0.8568,0.7117,0.6453,0.6208,0.8026,1.2154,1.5226,0.7355,0.7321,0.7706,0.3459,1.5156
geoformerdock,adhoc_geoformerdock,test,24,0.6657,0.8215,0.7068,0.5994,0.5597,0.8539,1.1902,1.4888,0.7423,0.7381,0.7722,0.3541,1.4872
geoformerdock,adhoc_geoformerdock,test,26,0.7268,0.8246,0.6789,0.489,0.4188,0.939,1.1892,1.4848,0.7382,0.7296,0.767,0.3453,1.5514000000000001
geoformerdock,adhoc_geoformerdock,test,28,0.6839,0.7976,0.7013,0.5593,0.5069,0.8957,1.1597,1.4524,0.7524,0.7459,0.7758,0.3633,1.4815
geoformerdock,adhoc_geoformerdock,test,30,0.6268,0.9169,0.723,0.6895,0.6771,0.7689,1.2902,1.5771,0.7442,0.7435,0.7724,0.3474,1.5437
geoformerdock,adhoc_geoformerdock,test,32,0.7587,0.8421,0.6343,0.4013,0.3151,0.9535,1.2107,1.5044,0.7403,0.7388,0.7746,0.3491,1.6008
geoformerdock,adhoc_geoformerdock,test,34,0.5618,0.9878,0.7088,0.7633,0.7835,0.634,1.3637,1.6691,0.7275,0.7207,0.7635,0.3506,1.5495999999999999
geoformerdock,adhoc_geoformerdock,test,36,0.6152,0.9056,0.7137,0.7003,0.6954,0.7319,1.2749,1.5798,0.7371,0.7294,0.7683,0.3637,1.5208
geoformerdock,adhoc_geoformerdock,test,38,0.7586,0.8741,0.6465,0.4153,0.3299,0.9631,1.2402,1.5378,0.7365,0.7301,0.7683,0.3648,1.6327
geoformerdock,adhoc_geoformerdock,test,40,0.6563,0.8006,0.7132,0.6046,0.5645,0.862,1.1566,1.4619,0.7509,0.7432,0.7765,0.3804,1.4569
geoformerdock,adhoc_geoformerdock,test,42,0.7433,0.8719,0.6554,0.4342,0.3524,0.9583,1.2305,1.5456,0.7233,0.7028,0.7621,0.3775,1.6152
geoformerdock,adhoc_geoformerdock,test,44,0.5152,0.9977,0.6698,0.8237,0.8806,0.4591,1.358,1.6914,0.7158,0.7061,0.7561,0.3525,1.5129000000000001
geoformerdock,adhoc_geoformerdock,test,46,0.6059,0.8135,0.7213,0.7111,0.7074,0.7352,1.1723,1.4826,0.7365,0.7151,0.7663,0.3999,1.4194
geoformerdock,adhoc_geoformerdock,test,48,0.5859,0.8777,0.7238,0.7261,0.7269,0.7207,1.2407,1.5518,0.7361,0.7227,0.768,0.3893,1.4636
geoformerdock,adhoc_geoformerdock,test,50,0.6245,0.8242,0.7287,0.6737,0.6533,0.8042,1.1982,1.4921,0.7511,0.7423,0.7792,0.3873,1.4487
geoformerdock,adhoc_geoformerdock,test,52,0.7467,0.9307,0.6644,0.4452,0.3642,0.9647,1.2868,1.6655,0.747,0.7308,0.7747,0.352,1.6774
geoformerdock,adhoc_geoformerdock,test,54,0.6516,0.8197,0.7095,0.6087,0.5715,0.8475,1.1911,1.4787,0.7702,0.7574,0.7831,0.3926,1.4712999999999998
geoformerdock,adhoc_geoformerdock,test,56,0.7811,0.7701,0.6474,0.4158,0.3302,0.9647,1.1267,1.4569,0.75,0.7357,0.7773,0.4098,1.5512000000000001
geoformerdock,adhoc_geoformerdock,test,58,0.7253,1.0532,0.675,0.4799,0.4078,0.9422,1.4158,1.8064,0.7342,0.719,0.7715,0.3977,1.7784999999999997
geoformerdock,adhoc_geoformerdock,test,60,0.5262,0.7454,0.7011,0.7876,0.8195,0.5827,1.1108,1.408,0.7716,0.7618,0.7851,0.3831,1.2715999999999998
geoformerdock,adhoc_geoformerdock,test,62,0.5898,0.8548,0.7229,0.6929,0.6819,0.764,1.2286,1.5375,0.7302,0.7155,0.767,0.3907,1.4445999999999999
geoformerdock,adhoc_geoformerdock,test,64,0.6169,0.7295,0.7354,0.6828,0.6633,0.8074,1.0831,1.3975,0.7712,0.7591,0.7861,0.378,1.3464
geoformerdock,adhoc_geoformerdock,test,66,0.6475,0.8266,0.7296,0.6236,0.5845,0.8748,1.1902,1.5129,0.7525,0.7389,0.775,0.4106,1.4741
geoformerdock,adhoc_geoformerdock,test,68,0.7383,0.8186,0.6775,0.4948,0.4273,0.9278,1.1765,1.4855,0.7395,0.721,0.7681,0.4092,1.5569
geoformerdock,adhoc_geoformerdock,test,70,0.5475,0.765,0.7079,0.7889,0.8188,0.5971,1.1176,1.4163,0.7697,0.7576,0.7878,0.3821,1.3125
geoformerdock,adhoc_geoformerdock,test,72,0.6436,0.7727,0.7332,0.6252,0.5852,0.8812,1.1326,1.4429,0.751,0.7351,0.7755,0.4175,1.4163000000000001
geoformerdock,adhoc_geoformerdock,test,74,0.5155,0.7598,0.7191,0.7906,0.817,0.6212,1.1282,1.4103,0.7766,0.7641,0.7873,0.407,1.2753
geoformerdock,adhoc_geoformerdock,test,76,0.8163,0.7544,0.622,0.3588,0.2616,0.9823,1.1091,1.4278,0.7603,0.7482,0.7859,0.3848,1.5707
geoformerdock,adhoc_geoformerdock,test,78,0.7106,0.7713,0.6896,0.5121,0.4466,0.9326,1.1398,1.4355,0.7601,0.7443,0.7828,0.4046,1.4819
geoformerdock,adhoc_geoformerdock,test,80,0.6524,0.8624,0.7195,0.5979,0.5529,0.886,1.2213,1.5524,0.7057,0.6899,0.7585,0.4074,1.5148000000000001
geoformerdock,adhoc_geoformerdock,train,2,0.45,1.5328,0.498,0.8709,0.9945,0.0015,1.8849,2.3032,-0.0656,-0.0658,0.4773,0.0973,1.9828
geoformerdock,adhoc_geoformerdock,train,4,0.4372,1.7876,0.5155,0.8544,0.9668,0.0642,2.1276,2.6196,-0.1002,-0.1051,0.4672,0.1598,2.2248
geoformerdock,adhoc_geoformerdock,train,6,0.6543,1.5357,0.6005,0.6738,0.6982,0.5028,1.8909,2.2769,0.6022,0.616,0.7204,0.1931,2.19
geoformerdock,adhoc_geoformerdock,train,8,0.7824,1.2462,0.5471,0.2535,0.1562,0.938,1.6035,1.9669,0.6292,0.6426,0.7313,0.1965,2.0286
geoformerdock,adhoc_geoformerdock,train,10,0.7865,1.0028,0.5688,0.3029,0.2148,0.9228,1.3581,1.6979,0.6532,0.6587,0.7355,0.2231,1.7893
geoformerdock,adhoc_geoformerdock,train,12,0.9093,0.8474,0.5136,0.1534,0.0341,0.9932,1.2088,1.5303,0.6748,0.6788,0.7449,0.2297,1.7567
geoformerdock,adhoc_geoformerdock,train,14,0.8069,0.8282,0.5827,0.3061,0.2144,0.951,1.1889,1.4904,0.693,0.6988,0.7476,0.2593,1.6351
geoformerdock,adhoc_geoformerdock,train,16,0.7735,0.8005,0.5961,0.339,0.2538,0.9384,1.1586,1.4684,0.6977,0.7066,0.7571,0.2677,1.5739999999999998
geoformerdock,adhoc_geoformerdock,train,18,0.7174,0.7822,0.6524,0.4768,0.4186,0.8863,1.1444,1.4468,0.7103,0.715,0.758,0.2824,1.4996
geoformerdock,adhoc_geoformerdock,train,20,0.7409,0.7836,0.6401,0.4405,0.3744,0.9058,1.1406,1.4412,0.7174,0.7219,0.7598,0.2867,1.5245
geoformerdock,adhoc_geoformerdock,train,22,0.6589,0.7662,0.6941,0.6385,0.6201,0.7682,1.1253,1.4239,0.7184,0.7268,0.7657,0.2959,1.4251
geoformerdock,adhoc_geoformerdock,train,24,0.6727,0.784,0.6861,0.5869,0.554,0.8183,1.1381,1.4583,0.7247,0.7306,0.7693,0.3014,1.4567
geoformerdock,adhoc_geoformerdock,train,26,0.7362,0.7681,0.6516,0.4631,0.4006,0.9026,1.1234,1.4357,0.7227,0.7262,0.7663,0.3002,1.5043
geoformerdock,adhoc_geoformerdock,train,28,0.6927,0.757,0.6737,0.5307,0.4833,0.864,1.1149,1.4197,0.7327,0.7363,0.7716,0.3028,1.4497
geoformerdock,adhoc_geoformerdock,train,30,0.6382,0.8381,0.7034,0.667,0.655,0.7517,1.1893,1.5112,0.7332,0.7391,0.7696,0.3006,1.4763
geoformerdock,adhoc_geoformerdock,train,32,0.7684,0.7428,0.6252,0.3768,0.2945,0.9558,1.1004,1.3907,0.7338,0.7418,0.7742,0.3141,1.5112
geoformerdock,adhoc_geoformerdock,train,34,0.5787,0.8822,0.705,0.7378,0.7487,0.6614,1.2332,1.5662,0.7372,0.7409,0.7722,0.3028,1.4609
geoformerdock,adhoc_geoformerdock,train,36,0.6262,0.7859,0.7058,0.6744,0.664,0.7475,1.137,1.4465,0.75,0.752,0.7767,0.3146,1.4121000000000001
geoformerdock,adhoc_geoformerdock,train,38,0.7649,0.7539,0.6338,0.4006,0.3233,0.9443,1.106,1.4038,0.757,0.7604,0.7793,0.3242,1.5188000000000001
geoformerdock,adhoc_geoformerdock,train,40,0.657,0.7047,0.7085,0.6055,0.5714,0.8456,1.0569,1.3497,0.7559,0.7585,0.7806,0.3414,1.3617
geoformerdock,adhoc_geoformerdock,train,42,0.758,0.7075,0.6377,0.4032,0.3254,0.9499,1.0605,1.3496,0.7553,0.7592,0.7814,0.3424,1.4655
geoformerdock,adhoc_geoformerdock,train,44,0.514,0.8635,0.6509,0.8295,0.8886,0.4131,1.2158,1.5344,0.7529,0.7566,0.7778,0.3144,1.3775
geoformerdock,adhoc_geoformerdock,train,46,0.6227,0.6982,0.7162,0.6735,0.6594,0.773,1.053,1.3409,0.7596,0.7611,0.7829,0.3166,1.3209
geoformerdock,adhoc_geoformerdock,train,48,0.6004,0.7747,0.7268,0.7024,0.6943,0.7593,1.1298,1.4258,0.7632,0.7662,0.7835,0.3356,1.3751000000000002
geoformerdock,adhoc_geoformerdock,train,50,0.6291,0.6997,0.7213,0.6603,0.6401,0.8024,1.0462,1.3388,0.7698,0.7743,0.7866,0.36,1.3288
geoformerdock,adhoc_geoformerdock,train,52,0.7639,0.7852,0.6433,0.4145,0.3386,0.9479,1.1398,1.4545,0.7703,0.7726,0.789,0.2945,1.5491000000000001
geoformerdock,adhoc_geoformerdock,train,54,0.6541,0.6802,0.7153,0.6083,0.5729,0.8577,1.0326,1.3098,0.7782,0.7818,0.7939,0.3548,1.3343
geoformerdock,adhoc_geoformerdock,train,56,0.8004,0.642,0.6319,0.3864,0.3051,0.9586,0.9916,1.2721,0.7842,0.7896,0.7954,0.3649,1.4424000000000001
geoformerdock,adhoc_geoformerdock,train,58,0.7404,0.8217,0.6609,0.4486,0.3782,0.9435,1.1776,1.4876,0.7811,0.7841,0.7938,0.3513,1.5621
geoformerdock,adhoc_geoformerdock,train,60,0.5244,0.6224,0.7139,0.8017,0.8308,0.5969,0.9725,1.2396,0.797,0.8004,0.8002,0.3634,1.1467999999999998
geoformerdock,adhoc_geoformerdock,train,62,0.5952,0.6985,0.7361,0.6933,0.6792,0.793,1.0469,1.3308,0.7867,0.7904,0.799,0.3587,1.2936999999999999
geoformerdock,adhoc_geoformerdock,train,64,0.6217,0.6186,0.7355,0.6676,0.6451,0.826,0.9647,1.2398,0.7984,0.8025,0.8004,0.3559,1.2403
geoformerdock,adhoc_geoformerdock,train,66,0.6502,0.6277,0.7273,0.6197,0.5841,0.8706,0.9689,1.2428,0.8004,0.8069,0.8051,0.3813,1.2779
geoformerdock,adhoc_geoformerdock,train,68,0.7492,0.6336,0.6812,0.4946,0.4328,0.9296,0.978,1.2475,0.802,0.8062,0.8074,0.3609,1.3828
geoformerdock,adhoc_geoformerdock,train,70,0.5431,0.6148,0.7152,0.789,0.8134,0.6169,0.9605,1.2298,0.7994,0.8047,0.803,0.3654,1.1579000000000002
geoformerdock,adhoc_geoformerdock,train,72,0.651,0.5885,0.7299,0.6131,0.5744,0.8854,0.9305,1.1992,0.8129,0.8176,0.8119,0.3953,1.2395
geoformerdock,adhoc_geoformerdock,train,74,0.5242,0.6437,0.7331,0.7867,0.8045,0.6616,0.9908,1.2737,0.802,0.8082,0.8059,0.3867,1.1679
geoformerdock,adhoc_geoformerdock,train,76,0.8145,0.6338,0.6194,0.3592,0.273,0.9658,0.9744,1.2642,0.8046,0.8092,0.804,0.3694,1.4483000000000001
geoformerdock,adhoc_geoformerdock,train,78,0.7195,0.6142,0.6885,0.5008,0.4385,0.9385,0.9567,1.2315,0.8049,0.8127,0.8062,0.3827,1.3336999999999999
geoformerdock,adhoc_geoformerdock,train,80,0.6534,0.6245,0.7262,0.6003,0.5586,0.8938,0.9668,1.2415,0.8036,0.8109,0.806,0.3887,1.2779
gnina_default2018,20260502_095137,test,2,0.8283,1.4072,0.5219,0.1752,0.0471,0.9968,1.7854,2.1909,0.1284,0.1159,0.5373,0.2581,2.2355
gnina_default2018,20260502_095137,test,4,0.7688,1.4086,0.6002,0.3201,0.2165,0.9839,1.7881,2.1947,0.0823,0.0509,0.5196,0.3212,2.1774
gnina_default2018,20260502_095137,test,6,0.827,1.0537,0.548,0.2226,0.1024,0.9936,1.4275,1.7602,0.6588,0.6695,0.7404,0.33,1.8807
gnina_default2018,20260502_095137,test,8,0.7371,1.0241,0.6295,0.4106,0.3297,0.9294,1.3969,1.7178,0.6981,0.7071,0.7584,0.3346,1.7612
gnina_default2018,20260502_095137,test,10,0.8246,0.9561,0.57,0.2631,0.1497,0.9904,1.3163,1.6337,0.7,0.7035,0.7572,0.3528,1.7807
gnina_default2018,20260502_095137,test,12,0.8204,0.9237,0.5946,0.3103,0.2053,0.9839,1.2862,1.5882,0.7137,0.7134,0.7606,0.3603,1.7441
gnina_default2018,20260502_095137,test,14,0.8097,0.9572,0.5788,0.2817,0.172,0.9856,1.3094,1.6416,0.7221,0.7155,0.7644,0.3705,1.7669000000000001
gnina_default2018,20260502_095137,test,16,0.8058,0.9328,0.577,0.2763,0.1652,0.9888,1.2887,1.6077,0.7265,0.7164,0.7637,0.3688,1.7386
gnina_default2018,20260502_095137,test,18,0.7961,0.8848,0.601,0.319,0.2148,0.9872,1.2408,1.547,0.7315,0.7174,0.7657,0.373,1.6809
gnina_default2018,20260502_095137,test,20,0.7724,0.8794,0.6194,0.3673,0.2741,0.9647,1.2476,1.5338,0.7316,0.7185,0.7642,0.3811,1.6518
gnina_default2018,20260502_095137,test,22,0.6826,0.8707,0.6937,0.565,0.5174,0.87,1.2281,1.5285,0.7336,0.7223,0.7637,0.385,1.5533000000000001
gnina_default2018,20260502_095137,test,24,0.6662,0.8848,0.7204,0.6042,0.5612,0.8796,1.2394,1.5521,0.7386,0.7293,0.7709,0.3886,1.5510000000000002
gnina_default2018,20260502_095137,test,26,0.8316,0.8764,0.5759,0.2802,0.171,0.9807,1.2252,1.5369,0.7401,0.7249,0.7665,0.387,1.708
gnina_default2018,20260502_095137,test,28,0.8326,0.8631,0.5772,0.2744,0.1625,0.992,1.2318,1.5216,0.7392,0.7257,0.7694,0.3845,1.6957
gnina_default2018,20260502_095137,test,30,0.7242,0.8783,0.6624,0.4628,0.389,0.9358,1.2599,1.5364,0.737,0.722,0.764,0.3919,1.6025
gnina_default2018,20260502_095137,test,32,0.7448,0.8579,0.6603,0.4439,0.364,0.9567,1.2207,1.5248,0.728,0.7118,0.761,0.3998,1.6027
gnina_default2018,20260502_095137,test,34,0.7694,0.8463,0.6406,0.4028,0.3149,0.9663,1.2119,1.5011,0.7432,0.7254,0.7674,0.395,1.6157
gnina_default2018,20260502_095137,test,36,0.7386,0.8901,0.6595,0.453,0.3767,0.9422,1.2601,1.5477,0.741,0.7184,0.7672,0.3937,1.6287
gnina_default2018,20260502_095137,test,38,0.7631,0.8443,0.6341,0.3904,0.3004,0.9679,1.2094,1.4982,0.7463,0.7227,0.7652,0.4039,1.6074000000000002
gnina_default2018,20260502_095137,test,40,0.7367,0.8528,0.6676,0.4753,0.4043,0.931,1.2067,1.5118,0.7449,0.7208,0.7676,0.4014,1.5895000000000001
gnina_default2018,20260502_095137,test,42,0.6821,0.8484,0.7128,0.5851,0.5379,0.8876,1.205,1.5037,0.7472,0.7232,0.7671,0.4011,1.5305
gnina_default2018,20260502_095137,test,44,0.7524,0.8538,0.6608,0.4506,0.373,0.9486,1.2087,1.5123,0.7412,0.715,0.7631,0.4044,1.6061999999999999
gnina_default2018,20260502_095137,test,46,0.738,0.8407,0.6719,0.4734,0.4,0.9438,1.1992,1.4926,0.7491,0.7264,0.77,0.4112,1.5787
gnina_default2018,20260502_095137,test,48,0.7173,0.8533,0.6822,0.5052,0.4398,0.9246,1.217,1.502,0.743,0.717,0.766,0.4078,1.5706
gnina_default2018,20260502_095137,train,2,0.83,1.3264,0.5143,0.1557,0.0369,0.9918,1.6856,2.0515,0.1494,0.1431,0.5487,0.2355,2.1564
gnina_default2018,20260502_095137,train,4,0.7716,1.3275,0.5942,0.3282,0.2401,0.9483,1.6855,2.0522,0.1352,0.1268,0.5399,0.2695,2.0991
gnina_default2018,20260502_095137,train,6,0.8232,0.9533,0.5408,0.2096,0.0999,0.9817,1.3177,1.6294,0.6119,0.6165,0.7157,0.2777,1.7765
gnina_default2018,20260502_095137,train,8,0.7338,0.9371,0.6342,0.4353,0.3694,0.8991,1.2969,1.6081,0.6353,0.639,0.7258,0.2809,1.6709
gnina_default2018,20260502_095137,train,10,0.8206,0.8832,0.5602,0.2494,0.1465,0.9738,1.2435,1.552,0.6521,0.6534,0.7336,0.293,1.7038
gnina_default2018,20260502_095137,train,12,0.8212,0.8683,0.5893,0.3081,0.2149,0.9637,1.2298,1.54,0.6652,0.6684,0.7378,0.297,1.6895
gnina_default2018,20260502_095137,train,14,0.816,0.8629,0.5743,0.273,0.1732,0.9755,1.221,1.5273,0.6777,0.6799,0.7424,0.3046,1.6789
gnina_default2018,20260502_095137,train,16,0.8066,0.8436,0.58,0.2848,0.187,0.9731,1.203,1.4983,0.6867,0.6892,0.7482,0.3065,1.6502
gnina_default2018,20260502_095137,train,18,0.8007,0.8184,0.5975,0.3177,0.225,0.97,1.1801,1.4756,0.6947,0.6979,0.7549,0.3167,1.6191
gnina_default2018,20260502_095137,train,20,0.7822,0.8162,0.6142,0.3576,0.2725,0.9558,1.1761,1.4708,0.7005,0.7024,0.7533,0.317,1.5984
gnina_default2018,20260502_095137,train,22,0.6949,0.8078,0.6845,0.5363,0.4873,0.8817,1.1675,1.4636,0.7005,0.703,0.7571,0.326,1.5027
gnina_default2018,20260502_095137,train,24,0.6694,0.8075,0.7035,0.5957,0.56,0.847,1.1659,1.4659,0.7089,0.7098,0.7542,0.3282,1.4769
gnina_default2018,20260502_095137,train,26,0.841,0.7859,0.5784,0.2746,0.1739,0.9829,1.1429,1.4324,0.7155,0.7164,0.7619,0.3346,1.6269
gnina_default2018,20260502_095137,train,28,0.8322,0.7799,0.5757,0.2698,0.1685,0.9829,1.1381,1.4274,0.7193,0.7198,0.7621,0.3352,1.6121
gnina_default2018,20260502_095137,train,30,0.7301,0.8022,0.6572,0.4486,0.3794,0.9349,1.1593,1.4516,0.7256,0.7273,0.7692,0.3329,1.5323
gnina_default2018,20260502_095137,train,32,0.7538,0.7654,0.6436,0.4193,0.345,0.9423,1.1239,1.4135,0.7239,0.7271,0.7677,0.338,1.5192
gnina_default2018,20260502_095137,train,34,0.7729,0.7623,0.6339,0.3898,0.3089,0.959,1.1154,1.4084,0.7292,0.7308,0.7661,0.3421,1.5352000000000001
gnina_default2018,20260502_095137,train,36,0.7406,0.827,0.6561,0.4413,0.3701,0.9421,1.181,1.4853,0.7349,0.7356,0.7675,0.3455,1.5676
gnina_default2018,20260502_095137,train,38,0.7572,0.7576,0.6379,0.3973,0.3176,0.9581,1.1099,1.3984,0.7368,0.7385,0.7698,0.3538,1.5148000000000001
gnina_default2018,20260502_095137,train,40,0.7365,0.7463,0.6634,0.4639,0.3978,0.929,1.1003,1.3852,0.74,0.7406,0.7689,0.3542,1.4828000000000001
gnina_default2018,20260502_095137,train,42,0.6813,0.7547,0.705,0.57,0.5253,0.8846,1.1115,1.3995,0.7371,0.7377,0.7669,0.3609,1.436
gnina_default2018,20260502_095137,train,44,0.7427,0.7361,0.6606,0.4519,0.3827,0.9385,1.0887,1.3749,0.7425,0.7423,0.7748,0.365,1.4788000000000001
gnina_default2018,20260502_095137,train,46,0.7357,0.7369,0.6622,0.4569,0.3888,0.9357,1.0929,1.3727,0.7447,0.7453,0.7779,0.3625,1.4726
gnina_default2018,20260502_095137,train,48,0.7146,0.733,0.6802,0.4981,0.4378,0.9225,1.0883,1.37,0.7485,0.7489,0.7743,0.3567,1.4476
gnina_dense,20260502_095137,test,2,0.5564,13.5762,0.5,0.8651,1.0,0.0,13.6383,13.808,0.2794,0.2695,0.5887,0.1021,14.1326
gnina_dense,20260502_095137,test,4,0.4921,13.6478,0.494,0.8523,0.9847,0.0032,13.709,13.8692,0.3219,0.3145,0.6054,0.1565,14.1399
gnina_dense,20260502_095137,test,6,0.7657,1.5649,0.6169,0.3618,0.2676,0.9663,1.9369,2.3254,0.663,0.6742,0.7446,0.3485,2.3306
gnina_dense,20260502_095137,test,8,0.8283,1.2472,0.5996,0.319,0.2153,0.9839,1.6171,1.978,0.727,0.7239,0.7619,0.3582,2.0755
gnina_dense,20260502_095137,test,10,0.752,0.9519,0.6737,0.4671,0.3907,0.9567,1.3214,1.6557,0.7516,0.7446,0.7757,0.3821,1.7039
gnina_dense,20260502_095137,test,12,0.7585,0.8309,0.6691,0.4508,0.3702,0.9679,1.1991,1.4969,0.771,0.757,0.7815,0.4076,1.5894
gnina_dense,20260502_095137,test,14,0.8304,0.8503,0.6238,0.3573,0.2588,0.9888,1.2136,1.543,0.7358,0.7214,0.7701,0.3901,1.6806999999999999
gnina_dense,20260502_095137,test,16,0.7374,0.8132,0.6809,0.476,0.4003,0.9615,1.1926,1.4734,0.7487,0.73,0.7684,0.4015,1.5506000000000002
gnina_dense,20260502_095137,test,18,0.7884,0.8306,0.646,0.4052,0.3161,0.9759,1.2039,1.5121,0.7563,0.7451,0.7764,0.417,1.619
gnina_dense,20260502_095137,test,20,0.7677,0.834,0.6668,0.4411,0.3577,0.9759,1.1987,1.5098,0.7579,0.7398,0.7736,0.4217,1.6017000000000001
gnina_dense,20260502_095137,test,22,0.6403,0.8317,0.7533,0.6587,0.6238,0.8828,1.1989,1.4873,0.7413,0.7234,0.7655,0.4249,1.472
gnina_dense,20260502_095137,test,24,0.6328,0.7095,0.7566,0.6739,0.6433,0.87,1.0715,1.3622,0.7928,0.7794,0.7971,0.4335,1.3423
gnina_dense,20260502_095137,test,26,0.6453,0.7688,0.7486,0.647,0.6095,0.8876,1.1375,1.4194,0.7644,0.7473,0.7791,0.4272,1.4141
gnina_dense,20260502_095137,test,28,0.7506,0.8539,0.6659,0.4489,0.3687,0.9631,1.2142,1.4983,0.7683,0.7445,0.7826,0.4259,1.6045
gnina_dense,20260502_095137,test,30,0.7843,0.744,0.6583,0.4229,0.3359,0.9807,1.0943,1.3797,0.7846,0.7671,0.7902,0.4474,1.5283
gnina_dense,20260502_095137,test,32,0.7105,0.7363,0.7073,0.5299,0.4643,0.9502,1.0949,1.3923,0.7762,0.7609,0.7906,0.4448,1.4468
gnina_dense,20260502_095137,test,34,0.7539,0.7074,0.6788,0.4701,0.393,0.9647,1.0793,1.335,0.7918,0.7761,0.7937,0.4452,1.4613
gnina_dense,20260502_095137,test,36,0.7019,0.7109,0.7173,0.5437,0.4796,0.9551,1.053,1.3643,0.7847,0.7663,0.7891,0.4431,1.4127999999999998
gnina_dense,20260502_095137,test,38,0.6375,0.7489,0.7594,0.6622,0.6263,0.8925,1.1033,1.3987,0.7722,0.7515,0.7829,0.4452,1.3864
gnina_dense,20260502_095137,test,40,0.6505,0.7632,0.7466,0.6412,0.6023,0.8909,1.1359,1.4495,0.7684,0.7553,0.7902,0.4403,1.4137
gnina_dense,20260502_095137,test,42,0.7516,0.7186,0.678,0.4651,0.3865,0.9695,1.0629,1.3838,0.7876,0.7732,0.7969,0.4604,1.4702000000000002
gnina_dense,20260502_095137,test,44,0.7,0.7372,0.7128,0.5442,0.4819,0.9438,1.087,1.3698,0.7924,0.7773,0.8019,0.4573,1.4371999999999998
gnina_dense,20260502_095137,test,46,0.6096,0.7082,0.7638,0.6838,0.6543,0.8732,1.055,1.3469,0.7964,0.7832,0.8002,0.4429,1.3178
gnina_dense,20260502_095137,test,48,0.6727,0.7037,0.7267,0.5868,0.5352,0.9181,1.0548,1.3471,0.8108,0.7927,0.8011,0.433,1.3763999999999998
gnina_dense,20260502_095137,test,50,0.717,0.721,0.7095,0.5338,0.4688,0.9502,1.0775,1.3645,0.8006,0.7826,0.8014,0.445,1.438
gnina_dense,20260502_095137,test,52,0.7458,0.7411,0.678,0.4651,0.3865,0.9695,1.0909,1.393,0.7886,0.7727,0.7927,0.4522,1.4868999999999999
gnina_dense,20260502_095137,test,54,0.7012,0.7022,0.7039,0.5299,0.4656,0.9422,1.0612,1.3285,0.8014,0.7918,0.7996,0.4449,1.4034
gnina_dense,20260502_095137,test,56,0.6902,0.7472,0.7229,0.5604,0.5004,0.9454,1.1028,1.4057,0.7802,0.7657,0.7896,0.4478,1.4374
gnina_dense,20260502_095137,test,58,0.6553,0.7142,0.7402,0.6161,0.5702,0.9101,1.058,1.3814,0.8111,0.8023,0.8033,0.4492,1.3695
gnina_dense,20260502_095137,test,60,0.6494,0.7334,0.7348,0.6184,0.5755,0.8941,1.0959,1.3683,0.7956,0.7798,0.797,0.4389,1.3828
gnina_dense,20260502_095137,test,62,0.7941,0.7228,0.6495,0.4088,0.3199,0.9791,1.0821,1.3608,0.8024,0.7894,0.8014,0.4345,1.5169000000000001
gnina_dense,20260502_095137,test,64,0.6789,0.6736,0.7166,0.56,0.5021,0.931,1.0208,1.2988,0.8189,0.8123,0.8093,0.4434,1.3525
gnina_dense,20260502_095137,test,66,0.7504,0.6676,0.6836,0.4807,0.4058,0.9615,1.0265,1.3009,0.8166,0.803,0.8105,0.461,1.418
gnina_dense,20260502_095137,test,68,0.6154,0.7872,0.7555,0.6661,0.633,0.878,1.1394,1.4825,0.7778,0.7637,0.789,0.464,1.4026
gnina_dense,20260502_095137,test,70,0.7232,0.7226,0.7016,0.513,0.4433,0.9599,1.07,1.3852,0.8028,0.7893,0.7994,0.4627,1.4458
gnina_dense,20260502_095137,train,2,0.5496,13.6093,0.5,0.8755,1.0,0.0,13.6221,13.7729,0.1667,0.154,0.5537,0.0969,14.1589
gnina_dense,20260502_095137,train,4,0.4694,13.677,0.4993,0.8733,0.9972,0.0013,13.6966,13.8341,0.3447,0.344,0.6137,0.1458,14.1464
gnina_dense,20260502_095137,train,6,0.7664,1.4955,0.6181,0.3693,0.2869,0.9493,1.8539,2.2427,0.5982,0.6151,0.7185,0.2869,2.2619
gnina_dense,20260502_095137,train,8,0.8446,1.1476,0.5892,0.2966,0.1997,0.9787,1.5056,1.8481,0.6983,0.7061,0.7537,0.3047,1.9922
gnina_dense,20260502_095137,train,10,0.7537,0.8903,0.662,0.4527,0.3833,0.9406,1.249,1.562,0.7286,0.7335,0.7681,0.3348,1.6440000000000001
gnina_dense,20260502_095137,train,12,0.7659,0.7797,0.6554,0.4354,0.3625,0.9483,1.1365,1.4307,0.738,0.7425,0.7766,0.3534,1.5455999999999999
gnina_dense,20260502_095137,train,14,0.8462,0.7268,0.6052,0.3253,0.2326,0.9778,1.0795,1.366,0.7501,0.7566,0.7808,0.3502,1.573
gnina_dense,20260502_095137,train,16,0.7504,0.6961,0.6636,0.4535,0.3839,0.9433,1.0491,1.324,0.766,0.7711,0.7864,0.3616,1.4465
gnina_dense,20260502_095137,train,18,0.8101,0.7151,0.6328,0.3832,0.3005,0.9651,1.0647,1.3468,0.771,0.7771,0.7913,0.3648,1.5252
gnina_dense,20260502_095137,train,20,0.7631,0.7078,0.6606,0.4509,0.3814,0.9397,1.0555,1.338,0.7763,0.7776,0.7903,0.3763,1.4708999999999999
gnina_dense,20260502_095137,train,22,0.627,0.7091,0.7212,0.651,0.6277,0.8148,1.0534,1.3506,0.758,0.7628,0.7831,0.3663,1.3361
gnina_dense,20260502_095137,train,24,0.6345,0.6613,0.7352,0.6615,0.6371,0.8333,1.0144,1.2898,0.7768,0.7828,0.7943,0.3707,1.2957999999999998
gnina_dense,20260502_095137,train,26,0.638,0.6405,0.7362,0.6463,0.6164,0.856,0.985,1.2632,0.788,0.7898,0.7991,0.388,1.2785
gnina_dense,20260502_095137,train,28,0.7636,0.7439,0.6515,0.4223,0.3464,0.9567,1.0934,1.3915,0.7776,0.7779,0.7919,0.3854,1.5074999999999998
gnina_dense,20260502_095137,train,30,0.787,0.6257,0.6498,0.4114,0.3324,0.9671,0.9686,1.2414,0.8091,0.813,0.8074,0.3905,1.4127
gnina_dense,20260502_095137,train,32,0.7135,0.6454,0.6955,0.5175,0.4585,0.9326,0.9938,1.2757,0.8038,0.8077,0.8076,0.393,1.3589
gnina_dense,20260502_095137,train,34,0.7644,0.602,0.6681,0.4503,0.3781,0.958,0.9446,1.2159,0.8099,0.8134,0.8093,0.4001,1.3664
gnina_dense,20260502_095137,train,36,0.7096,0.6108,0.7042,0.5323,0.4753,0.9331,0.9618,1.2315,0.8166,0.8175,0.8094,0.3976,1.3204
gnina_dense,20260502_095137,train,38,0.6454,0.563,0.7441,0.6362,0.6004,0.8879,0.8937,1.1614,0.8297,0.8318,0.8185,0.4086,1.2084
gnina_dense,20260502_095137,train,40,0.6608,0.6086,0.7292,0.6175,0.5805,0.8779,0.9488,1.2152,0.8166,0.8207,0.815,0.3903,1.2694
gnina_dense,20260502_095137,train,42,0.7449,0.5846,0.6799,0.4741,0.4059,0.9539,0.9275,1.1909,0.8292,0.8296,0.8173,0.4159,1.3295
gnina_dense,20260502_095137,train,44,0.6905,0.5942,0.7146,0.5561,0.5036,0.9256,0.9305,1.2038,0.8141,0.815,0.8112,0.4144,1.2847
gnina_dense,20260502_095137,train,46,0.6125,0.5409,0.7524,0.6735,0.6474,0.8574,0.8728,1.1298,0.839,0.8416,0.8268,0.4054,1.1534
gnina_dense,20260502_095137,train,48,0.6624,0.5592,0.7304,0.6032,0.5611,0.8997,0.8905,1.1489,0.8391,0.8428,0.8236,0.4115,1.2216
gnina_dense,20260502_095137,train,50,0.7289,0.5396,0.695,0.5052,0.4423,0.9477,0.8747,1.1227,0.8476,0.8511,0.8304,0.4128,1.2685
gnina_dense,20260502_095137,train,52,0.7457,0.5514,0.6812,0.4724,0.4032,0.9593,0.8797,1.145,0.8397,0.8424,0.8282,0.4145,1.2971
gnina_dense,20260502_095137,train,54,0.6998,0.5163,0.7087,0.5348,0.4771,0.9403,0.8448,1.1043,0.8464,0.8507,0.8337,0.4273,1.2161
gnina_dense,20260502_095137,train,56,0.6795,0.4937,0.7261,0.5739,0.5234,0.9287,0.8191,1.0646,0.8624,0.8655,0.8397,0.4288,1.1732
gnina_dense,20260502_095137,train,58,0.6571,0.5425,0.7337,0.6052,0.5626,0.9049,0.8727,1.1339,0.8629,0.8652,0.8402,0.435,1.1996
gnina_dense,20260502_095137,train,60,0.6483,0.5494,0.737,0.6172,0.5775,0.8965,0.8762,1.1418,0.8477,0.8508,0.8338,0.406,1.1977
gnina_dense,20260502_095137,train,62,0.8033,0.4979,0.6418,0.3888,0.3049,0.9786,0.8235,1.0708,0.8657,0.8676,0.8428,0.4213,1.3012000000000001
gnina_dense,20260502_095137,train,64,0.6675,0.4883,0.7258,0.5813,0.5334,0.9181,0.809,1.0593,0.8634,0.868,0.8423,0.4273,1.1558
gnina_dense,20260502_095137,train,66,0.7569,0.4413,0.6865,0.4749,0.4047,0.9683,0.7511,1.0056,0.8774,0.8805,0.8499,0.4421,1.1982
gnina_dense,20260502_095137,train,68,0.6172,0.5123,0.7576,0.6609,0.6289,0.8862,0.8373,1.097,0.869,0.8708,0.8455,0.4439,1.1295
gnina_dense,20260502_095137,train,70,0.7189,0.4881,0.7028,0.5173,0.4558,0.9497,0.8056,1.0594,0.8725,0.876,0.852,0.439,1.2069999999999999
pafnucy,20260502_095137,test,2,0.851,13.0906,0.5,0.1349,0.0,1.0,13.1647,13.3436,0.162,0.1037,0.5344,0.2343,13.941600000000001
pafnucy,20260502_095137,test,4,0.8178,12.8944,0.5175,0.1676,0.0383,0.9968,12.9738,13.157,-0.065,-0.1102,0.4612,0.2621,13.7122
pafnucy,20260502_095137,test,6,0.9087,1.1762,0.5,0.1349,0.0,1.0,1.5681,1.9356,0.5173,0.5253,0.6833,0.2153,2.0848999999999998
pafnucy,20260502_095137,test,8,0.8592,1.2167,0.5,0.1349,0.0,1.0,1.5947,1.9604,0.5938,0.5974,0.7103,0.193,2.0759
pafnucy,20260502_095137,test,10,0.8577,1.2332,0.5024,0.139,0.0048,1.0,1.6109,1.9656,0.6485,0.6549,0.7334,0.181,2.0909
pafnucy,20260502_095137,test,12,0.8468,1.0883,0.5025,0.1392,0.005,1.0,1.4689,1.7992,0.6572,0.6716,0.7428,0.19,1.9351
pafnucy,20260502_095137,test,14,0.867,1.0478,0.5025,0.1392,0.005,1.0,1.4176,1.7638,0.6869,0.7014,0.7498,0.1849,1.9148
pafnucy,20260502_095137,test,16,0.8631,0.9899,0.5025,0.1392,0.005,1.0,1.355,1.6965,0.6483,0.6543,0.7297,0.1857,1.853
pafnucy,20260502_095137,test,18,0.871,0.9593,0.5025,0.1392,0.005,1.0,1.325,1.6495,0.7021,0.7046,0.756,0.189,1.8303
pafnucy,20260502_095137,test,20,0.8612,0.9516,0.5025,0.1392,0.005,1.0,1.322,1.6342,0.6828,0.6823,0.7429,0.1965,1.8128
pafnucy,20260502_095137,test,22,0.8635,0.9023,0.5071,0.1483,0.0158,0.9984,1.2645,1.571,0.7146,0.7078,0.7569,0.2066,1.7658
pafnucy,20260502_095137,test,24,0.8602,0.9415,0.5078,0.1496,0.0173,0.9984,1.3055,1.6266,0.7086,0.7057,0.7573,0.2285,1.8016999999999999
pafnucy,20260502_095137,test,26,0.8391,0.8972,0.5098,0.1531,0.0213,0.9984,1.2666,1.5646,0.7272,0.718,0.7668,0.2434,1.7363
pafnucy,20260502_095137,test,28,0.8391,0.9783,0.5105,0.1555,0.0243,0.9968,1.3381,1.6648,0.7285,0.7271,0.7667,0.2892,1.8174
pafnucy,20260502_095137,test,30,0.8211,0.863,0.5242,0.1791,0.0516,0.9968,1.2362,1.5209,0.7337,0.7345,0.7723,0.3075,1.6841
pafnucy,20260502_095137,test,32,0.8455,0.9804,0.5142,0.1607,0.03,0.9984,1.3463,1.6644,0.7393,0.7348,0.77,0.3368,1.8259
pafnucy,20260502_095137,test,34,0.8226,0.9089,0.5386,0.2064,0.0836,0.9936,1.2725,1.5823,0.73,0.7165,0.764,0.3492,1.7315
pafnucy,20260502_095137,test,36,0.8199,0.8221,0.5444,0.22,0.1001,0.9888,1.189,1.4646,0.7616,0.7491,0.7773,0.362,1.642
pafnucy,20260502_095137,test,38,0.7739,0.8281,0.5951,0.3252,0.2255,0.9647,1.1996,1.4786,0.7554,0.7455,0.7785,0.3561,1.6019999999999999
pafnucy,20260502_095137,test,40,0.78,0.896,0.5937,0.3088,0.2035,0.9839,1.2688,1.5626,0.7623,0.7517,0.7775,0.3795,1.6760000000000002
pafnucy,20260502_095137,test,42,0.8021,1.0011,0.6018,0.3205,0.2165,0.9872,1.371,1.6808,0.7702,0.7589,0.7829,0.393,1.8032000000000001
pafnucy,20260502_095137,test,44,0.7114,0.8271,0.6829,0.5065,0.4413,0.9246,1.1839,1.4856,0.773,0.7567,0.7862,0.4243,1.5385
pafnucy,20260502_095137,test,46,0.6842,0.7512,0.7232,0.589,0.5394,0.9069,1.1094,1.3856,0.794,0.7765,0.7913,0.4471,1.4354
pafnucy,20260502_095137,test,48,0.7428,0.7702,0.6717,0.4753,0.4028,0.9406,1.1396,1.4098,0.7753,0.7549,0.783,0.4479,1.513
pafnucy,20260502_095137,test,50,0.6977,0.7638,0.7191,0.5715,0.5169,0.9213,1.1362,1.3983,0.7842,0.7624,0.7874,0.4535,1.4615
pafnucy,20260502_095137,test,52,0.696,0.7625,0.7166,0.5589,0.5006,0.9326,1.1288,1.3963,0.7911,0.7722,0.7898,0.4659,1.4585
pafnucy,20260502_095137,test,54,0.7024,0.7912,0.7128,0.5418,0.4786,0.947,1.1572,1.433,0.7769,0.7543,0.7836,0.4646,1.4936
pafnucy,20260502_095137,test,56,0.6841,0.8364,0.7282,0.5825,0.5287,0.9278,1.2013,1.5035,0.7803,0.7609,0.7896,0.4743,1.5205000000000002
pafnucy,20260502_095137,test,58,0.7445,0.7663,0.6822,0.477,0.4013,0.9631,1.1358,1.4109,0.77,0.7492,0.7827,0.4944,1.5108000000000001
pafnucy,20260502_095137,test,60,0.6496,0.8588,0.752,0.6343,0.5907,0.9133,1.2231,1.5209,0.7442,0.7219,0.7706,0.4897,1.5084
pafnucy,20260502_095137,test,62,0.6753,0.7298,0.741,0.5977,0.5447,0.9374,1.0843,1.3533,0.7959,0.7715,0.7974,0.4893,1.4051
pafnucy,20260502_095137,test,64,0.7144,0.7832,0.7197,0.5396,0.4731,0.9663,1.1428,1.4379,0.7837,0.753,0.7844,0.5092,1.4976
pafnucy,20260502_095137,test,66,0.6971,0.7542,0.7324,0.5639,0.5016,0.9631,1.1225,1.3969,0.7913,0.7671,0.7886,0.4752,1.4513
pafnucy,20260502_095137,test,68,0.7093,0.7329,0.7128,0.5301,0.4626,0.9631,1.101,1.3775,0.785,0.7591,0.7841,0.5099,1.4422000000000001
pafnucy,20260502_095137,test,70,0.6038,0.7378,0.784,0.6966,0.6643,0.9037,1.101,1.3732,0.7949,0.7777,0.7919,0.5277,1.3416000000000001
pafnucy,20260502_095137,test,72,0.5887,0.6886,0.7877,0.7111,0.6829,0.8925,1.0497,1.3131,0.8052,0.7879,0.8034,0.5234,1.2772999999999999
pafnucy,20260502_095137,test,74,0.6238,0.7295,0.7689,0.6563,0.6148,0.923,1.0908,1.3628,0.796,0.7765,0.7949,0.5462,1.3533
pafnucy,20260502_095137,test,76,0.704,0.7133,0.7216,0.5394,0.4721,0.9711,1.0764,1.3399,0.805,0.7842,0.7967,0.5144,1.4173
pafnucy,20260502_095137,test,78,0.6258,0.7814,0.7688,0.6481,0.6035,0.9342,1.1542,1.4154,0.7925,0.7649,0.791,0.5237,1.4072
pafnucy,20260502_095137,test,80,0.7079,0.7976,0.7217,0.542,0.4756,0.9679,1.1601,1.4502,0.7917,0.7617,0.7893,0.5112,1.5055
pafnucy,20260502_095137,test,82,0.5909,0.7917,0.7832,0.6906,0.6563,0.9101,1.156,1.4575,0.7771,0.7532,0.7857,0.5431,1.3826
pafnucy,20260502_095137,test,84,0.5634,0.7577,0.798,0.7267,0.7004,0.8957,1.1149,1.4118,0.7973,0.7696,0.7913,0.5475,1.3211
pafnucy,20260502_095137,test,86,0.6227,0.6902,0.7695,0.655,0.6128,0.9262,1.0487,1.3214,0.8036,0.784,0.7985,0.5391,1.3129
pafnucy,20260502_095137,test,88,0.6425,0.7325,0.7585,0.6243,0.5747,0.9422,1.091,1.3846,0.7776,0.7527,0.7827,0.566,1.375
pafnucy,20260502_095137,test,90,0.6364,0.7226,0.7585,0.6349,0.5892,0.9278,1.0886,1.3751,0.7815,0.7562,0.789,0.555,1.359
pafnucy,20260502_095137,test,92,0.6566,0.6917,0.7561,0.612,0.5587,0.9535,1.0406,1.3337,0.7959,0.7687,0.7887,0.5286,1.3483
pafnucy,20260502_095137,test,94,0.6098,0.6638,0.776,0.6687,0.629,0.923,1.0157,1.2972,0.8105,0.7839,0.7966,0.5617,1.2736
pafnucy,20260502_095137,test,96,0.651,0.7487,0.754,0.6072,0.5529,0.9551,1.112,1.39,0.7955,0.7642,0.7869,0.5399,1.3997000000000002
pafnucy,20260502_095137,train,2,0.8613,13.1351,0.5,0.1245,0.0,1.0,13.1602,13.318,0.0745,0.0409,0.5149,0.197,13.9964
pafnucy,20260502_095137,train,4,0.8178,12.9405,0.5099,0.1481,0.0282,0.9916,12.9737,13.1338,0.0567,0.0375,0.5104,0.2219,13.7583
pafnucy,20260502_095137,train,6,0.9178,1.0249,0.5,0.1245,0.0,1.0,1.3902,1.7248,0.555,0.5592,0.697,0.1925,1.9426999999999999
pafnucy,20260502_095137,train,8,0.8637,1.0378,0.5,0.1245,0.0,1.0,1.3954,1.7344,0.603,0.6064,0.7132,0.1842,1.9015
pafnucy,20260502_095137,train,10,0.8613,1.0679,0.5,0.1245,0.0,1.0,1.4229,1.7639,0.6315,0.6358,0.7255,0.181,1.9292
pafnucy,20260502_095137,train,12,0.8464,0.9322,0.5002,0.1248,0.0004,1.0,1.2865,1.6064,0.6474,0.655,0.7285,0.19,1.7786
pafnucy,20260502_095137,train,14,0.8681,0.9084,0.5002,0.1248,0.0004,1.0,1.2674,1.5844,0.6687,0.6735,0.7386,0.1867,1.7765
pafnucy,20260502_095137,train,16,0.8633,0.8358,0.5002,0.1248,0.0004,1.0,1.1942,1.5002,0.6808,0.6865,0.7448,0.1868,1.6991
pafnucy,20260502_095137,train,18,0.8723,0.8334,0.5001,0.1248,0.0004,0.9999,1.1919,1.496,0.6888,0.6936,0.7483,0.1858,1.7057
pafnucy,20260502_095137,train,20,0.8641,0.8138,0.5005,0.1256,0.0014,0.9996,1.1711,1.4735,0.6951,0.6986,0.7515,0.194,1.6779
pafnucy,20260502_095137,train,22,0.8663,0.7839,0.501,0.1267,0.0027,0.9994,1.1411,1.4448,0.7091,0.7129,0.757,0.2005,1.6502
pafnucy,20260502_095137,train,24,0.8621,0.7974,0.501,0.1267,0.0027,0.9992,1.1549,1.45,0.7134,0.7177,0.7614,0.215,1.6595
pafnucy,20260502_095137,train,26,0.8405,0.7773,0.505,0.1342,0.0114,0.9986,1.1334,1.4249,0.722,0.7246,0.7623,0.2185,1.6178
pafnucy,20260502_095137,train,28,0.8429,0.8265,0.507,0.1394,0.0176,0.9964,1.1776,1.4882,0.7204,0.7264,0.7649,0.2413,1.6694
pafnucy,20260502_095137,train,30,0.8184,0.7808,0.5229,0.1745,0.059,0.9867,1.1355,1.4338,0.7294,0.7339,0.7663,0.2567,1.5992000000000002
pafnucy,20260502_095137,train,32,0.8451,0.8265,0.5117,0.1497,0.0297,0.9938,1.1839,1.4782,0.7355,0.7421,0.7709,0.277,1.6716
pafnucy,20260502_095137,train,34,0.8244,0.7848,0.5442,0.2138,0.1043,0.984,1.1312,1.4338,0.7365,0.7407,0.7726,0.2901,1.6092
pafnucy,20260502_095137,train,36,0.8265,0.7483,0.5519,0.2265,0.1187,0.985,1.0973,1.3935,0.75,0.7536,0.7777,0.3008,1.5748
pafnucy,20260502_095137,train,38,0.7666,0.713,0.609,0.3531,0.2683,0.9497,1.0643,1.3493,0.7535,0.7581,0.7849,0.3282,1.4796
pafnucy,20260502_095137,train,40,0.7763,0.7605,0.6077,0.3356,0.2455,0.97,1.1124,1.3963,0.7565,0.76,0.7805,0.3476,1.5368
pafnucy,20260502_095137,train,42,0.7874,0.8643,0.6176,0.3602,0.2749,0.9604,1.2229,1.5199,0.7521,0.7575,0.7791,0.3585,1.6517
pafnucy,20260502_095137,train,44,0.7035,0.7178,0.6931,0.5295,0.4752,0.9109,1.0704,1.3472,0.7649,0.7697,0.7863,0.3776,1.4213
pafnucy,20260502_095137,train,46,0.6787,0.6889,0.7222,0.5996,0.559,0.8853,1.0375,1.3251,0.7696,0.7748,0.7899,0.4025,1.3676
pafnucy,20260502_095137,train,48,0.7406,0.6798,0.6863,0.4886,0.423,0.9495,1.0289,1.3125,0.7722,0.7748,0.7842,0.4,1.4203999999999999
pafnucy,20260502_095137,train,50,0.6979,0.6739,0.7192,0.5616,0.5094,0.929,1.0218,1.3054,0.772,0.7749,0.7898,0.4152,1.3718
pafnucy,20260502_095137,train,52,0.6847,0.6653,0.7327,0.5855,0.5367,0.9287,1.0121,1.2933,0.7763,0.7788,0.7889,0.4293,1.35
pafnucy,20260502_095137,train,54,0.6897,0.6823,0.7269,0.5675,0.5146,0.9392,1.0309,1.319,0.7792,0.7811,0.7912,0.4518,1.3719999999999999
pafnucy,20260502_095137,train,56,0.6795,0.6931,0.7374,0.5921,0.5439,0.9309,1.0372,1.3221,0.7843,0.7881,0.7932,0.4459,1.3726
pafnucy,20260502_095137,train,58,0.7325,0.6465,0.7019,0.5062,0.4414,0.9624,0.9881,1.2672,0.7858,0.7875,0.7958,0.4616,1.379
pafnucy,20260502_095137,train,60,0.6589,0.6574,0.7531,0.6229,0.5797,0.9265,1.0004,1.2758,0.7914,0.7935,0.8007,0.4564,1.3163
pafnucy,20260502_095137,train,62,0.6645,0.6243,0.75,0.6135,0.5682,0.9318,0.9683,1.244,0.7965,0.7995,0.8031,0.4743,1.2888
pafnucy,20260502_095137,train,64,0.7025,0.6257,0.7295,0.5551,0.4974,0.9616,0.9658,1.2403,0.8044,0.8068,0.8062,0.4844,1.3282
pafnucy,20260502_095137,train,66,0.6924,0.6064,0.7392,0.5736,0.5188,0.9597,0.9446,1.2143,0.8085,0.811,0.8078,0.4787,1.2988
pafnucy,20260502_095137,train,68,0.7187,0.5886,0.7136,0.5212,0.4574,0.9697,0.9289,1.196,0.8122,0.8156,0.8103,0.4928,1.3073000000000001
pafnucy,20260502_095137,train,70,0.5929,0.5931,0.7862,0.697,0.6675,0.9049,0.9328,1.1939,0.8163,0.8193,0.8126,0.5093,1.186
pafnucy,20260502_095137,train,72,0.5839,0.5723,0.7921,0.7011,0.6709,0.9134,0.9121,1.1777,0.8184,0.8214,0.8114,0.5076,1.1562000000000001
pafnucy,20260502_095137,train,74,0.6177,0.5874,0.7745,0.6549,0.6153,0.9336,0.9311,1.1942,0.8148,0.8208,0.8127,0.5118,1.2051
pafnucy,20260502_095137,train,76,0.6808,0.5743,0.7362,0.5701,0.515,0.9575,0.9144,1.1782,0.8235,0.8262,0.815,0.4944,1.2551
pafnucy,20260502_095137,train,78,0.6099,0.6066,0.7808,0.6597,0.6195,0.942,0.9467,1.2087,0.8273,0.8302,0.8183,0.5173,1.2165
pafnucy,20260502_095137,train,80,0.6929,0.6082,0.7342,0.5562,0.4972,0.9711,0.946,1.2145,0.8286,0.8318,0.817,0.5167,1.3011
pafnucy,20260502_095137,train,82,0.5923,0.5908,0.7858,0.6744,0.6375,0.934,0.9325,1.1954,0.828,0.831,0.8201,0.5225,1.1831
pafnucy,20260502_095137,train,84,0.5394,0.5905,0.8048,0.7385,0.7165,0.8931,0.9316,1.1985,0.8323,0.8346,0.8211,0.5301,1.1299000000000001
pafnucy,20260502_095137,train,86,0.6101,0.5395,0.7818,0.6613,0.6213,0.9424,0.876,1.1293,0.8351,0.8381,0.8194,0.5335,1.1496
pafnucy,20260502_095137,train,88,0.6215,0.532,0.7746,0.6412,0.597,0.9522,0.8703,1.1175,0.8382,0.8409,0.824,0.5308,1.1535000000000002
pafnucy,20260502_095137,train,90,0.6157,0.5339,0.7796,0.6485,0.6051,0.954,0.8709,1.1207,0.8375,0.8397,0.8238,0.5337,1.1496
pafnucy,20260502_095137,train,92,0.6339,0.5273,0.7718,0.6311,0.5844,0.9591,0.8629,1.11,0.8439,0.846,0.8291,0.5358,1.1612
pafnucy,20260502_095137,train,94,0.6074,0.504,0.7807,0.6545,0.6127,0.9487,0.8373,1.0879,0.8497,0.8535,0.8312,0.5317,1.1114000000000002
pafnucy,20260502_095137,train,96,0.6377,0.536,0.7672,0.6174,0.5677,0.9667,0.8685,1.1227,0.8507,0.853,0.8332,0.538,1.1737000000000002
potentialnet,20260502_095137,test,2,1.056,9.191,0.5071,0.1613,0.0335,0.9807,9.3925,9.8839,0.0421,0.0547,0.5222,0.1281,10.247
potentialnet,20260502_095137,test,4,0.8404,11.8131,0.5,0.1349,0.0,1.0,11.9227,12.1197,0.0887,0.1193,0.5423,0.1488,12.653500000000001
potentialnet,20260502_095137,test,6,0.8543,1.4647,0.5,0.1349,0.0,1.0,1.8474,2.2674,0.2938,0.3129,0.6059,0.1368,2.319
potentialnet,20260502_095137,test,8,0.8569,1.4106,0.5,0.1349,0.0,1.0,1.7904,2.2444,0.34,0.392,0.6352,0.1416,2.2675
potentialnet,20260502_095137,test,10,0.8648,1.2113,0.5,0.1349,0.0,1.0,1.6106,1.9844,0.4263,0.4374,0.6477,0.1402,2.0761000000000003
potentialnet,20260502_095137,test,12,0.8671,1.1855,0.5001,0.1351,0.0003,1.0,1.5716,1.9674,0.4635,0.4584,0.6574,0.1519,2.0526
potentialnet,20260502_095137,test,14,0.8546,1.2672,0.5,0.1349,0.0,1.0,1.6616,2.0511,0.4495,0.4371,0.6527,0.1438,2.1218000000000004
potentialnet,20260502_095137,test,16,0.8542,1.1846,0.5,0.1349,0.0,1.0,1.5714,1.9727,0.451,0.4429,0.6526,0.1547,2.0388
potentialnet,20260502_095137,test,18,0.8594,1.2255,0.5,0.1349,0.0,1.0,1.6104,2.0194,0.4357,0.4345,0.6536,0.1366,2.0849
potentialnet,20260502_095137,test,20,0.8634,1.1819,0.5,0.1349,0.0,1.0,1.5697,1.9693,0.4369,0.4404,0.6569,0.1514,2.0453
potentialnet,20260502_095137,test,22,0.8564,1.1726,0.5,0.1349,0.0,1.0,1.5636,1.9393,0.486,0.4741,0.6658,0.1535,2.029
potentialnet,20260502_095137,test,24,0.8627,1.1933,0.5,0.1349,0.0,1.0,1.5653,1.9825,0.4369,0.4256,0.6486,0.141,2.056
potentialnet,20260502_095137,test,26,0.8572,1.1181,0.5,0.1349,0.0,1.0,1.501,1.8812,0.5105,0.5096,0.678,0.1456,1.9753
potentialnet,20260502_095137,test,28,0.8682,1.1321,0.5,0.1349,0.0,1.0,1.514,1.8841,0.5061,0.4931,0.6694,0.1543,2.0003
potentialnet,20260502_095137,test,30,0.8758,1.1427,0.5,0.1349,0.0,1.0,1.5289,1.907,0.5149,0.5013,0.6738,0.1441,2.0185
potentialnet,20260502_095137,test,32,0.8622,1.1204,0.5,0.1349,0.0,1.0,1.5159,1.87,0.5328,0.5236,0.6854,0.152,1.9826000000000001
potentialnet,20260502_095137,test,34,0.8662,1.1089,0.5,0.1349,0.0,1.0,1.4988,1.8923,0.5068,0.5028,0.6738,0.1533,1.9750999999999999
potentialnet,20260502_095137,test,36,0.868,1.1293,0.5,0.1349,0.0,1.0,1.5114,1.9101,0.5088,0.5098,0.6827,0.1532,1.9973
potentialnet,20260502_095137,test,38,0.862,1.1409,0.5,0.1349,0.0,1.0,1.5294,1.9093,0.4877,0.481,0.6633,0.1565,2.0029
potentialnet,20260502_095137,test,40,0.8596,1.1261,0.5001,0.1351,0.0003,1.0,1.52,1.8634,0.5426,0.5292,0.6867,0.166,1.9857
potentialnet,20260502_095137,test,42,0.8564,1.091,0.5,0.1349,0.0,1.0,1.4872,1.8521,0.5345,0.5251,0.6875,0.1635,1.9474
potentialnet,20260502_095137,test,44,0.8602,1.1002,0.5,0.1349,0.0,1.0,1.4875,1.8533,0.5323,0.5073,0.6788,0.1589,1.9604
potentialnet,20260502_095137,test,46,0.8635,1.1841,0.5,0.1349,0.0,1.0,1.5717,1.9498,0.5129,0.5068,0.6745,0.1654,2.0476
potentialnet,20260502_095137,test,48,0.8614,1.0614,0.5,0.1349,0.0,1.0,1.4489,1.8117,0.5603,0.5475,0.6926,0.1642,1.9228
potentialnet,20260502_095137,test,50,0.8598,1.1096,0.5,0.1349,0.0,1.0,1.5021,1.8892,0.5148,0.5092,0.6799,0.1695,1.9693999999999998
potentialnet,20260502_095137,test,52,0.8562,1.0284,0.5,0.1349,0.0,1.0,1.427,1.7734,0.5878,0.5801,0.7068,0.1879,1.8845999999999998
potentialnet,20260502_095137,test,54,0.8588,1.0755,0.5,0.1349,0.0,1.0,1.4677,1.8446,0.5401,0.5254,0.6836,0.1686,1.9343
potentialnet,20260502_095137,test,56,0.8598,1.1194,0.5,0.1349,0.0,1.0,1.5181,1.8979,0.5187,0.4977,0.6784,0.181,1.9792
potentialnet,20260502_095137,test,58,0.85,1.1339,0.4998,0.1358,0.0013,0.9984,1.5349,1.8981,0.5485,0.5235,0.686,0.1795,1.9838999999999998
potentialnet,20260502_095137,test,60,0.8599,1.0791,0.5,0.1349,0.0,1.0,1.4719,1.834,0.5464,0.5252,0.6847,0.1718,1.939
potentialnet,20260502_095137,test,62,0.8619,1.063,0.5,0.1349,0.0,1.0,1.463,1.8104,0.5666,0.5424,0.6946,0.1756,1.9249
potentialnet,20260502_095137,test,64,0.8564,1.1009,0.5,0.1349,0.0,1.0,1.4925,1.8687,0.5185,0.4997,0.6747,0.1726,1.9573
potentialnet,20260502_095137,test,66,0.8608,1.0512,0.5,0.1349,0.0,1.0,1.4451,1.7982,0.568,0.5494,0.6946,0.1766,1.912
potentialnet,20260502_095137,test,68,0.8492,1.1011,0.5,0.1349,0.0,1.0,1.4894,1.8593,0.5446,0.5161,0.6821,0.1834,1.9503
potentialnet,20260502_095137,test,70,0.866,1.0792,0.5003,0.1353,0.0005,1.0,1.472,1.849,0.5357,0.5078,0.6823,0.1786,1.9451999999999998
potentialnet,20260502_095137,test,72,0.8631,1.072,0.5004,0.1356,0.0008,1.0,1.4548,1.8385,0.5449,0.5287,0.6884,0.1682,1.9351
potentialnet,20260502_095137,test,74,0.8477,1.0937,0.5004,0.1356,0.0008,1.0,1.4974,1.8372,0.5416,0.5103,0.6802,0.196,1.9413999999999998
potentialnet,20260502_095137,test,76,0.8495,1.0473,0.5001,0.1351,0.0003,1.0,1.4371,1.7983,0.5737,0.5511,0.6955,0.1972,1.8967999999999998
potentialnet,20260502_095137,train,2,1.0323,9.3978,0.5049,0.1661,0.0539,0.9559,9.5293,9.98,-0.1112,-0.0915,0.4692,0.1253,10.4301
potentialnet,20260502_095137,train,4,0.844,11.8685,0.5,0.1245,0.0,1.0,11.9359,12.1109,0.0326,0.0238,0.5091,0.1345,12.712499999999999
potentialnet,20260502_095137,train,6,0.8665,1.1773,0.5001,0.1247,0.0003,1.0,1.5447,1.9188,0.4402,0.4524,0.6557,0.1304,2.0438
potentialnet,20260502_095137,train,8,0.8634,1.1821,0.5,0.1245,0.0001,1.0,1.5453,1.9047,0.485,0.4841,0.6644,0.1297,2.0454999999999997
potentialnet,20260502_095137,train,10,0.8709,1.0384,0.5,0.1245,0.0,1.0,1.4044,1.7416,0.5325,0.5256,0.6798,0.134,1.9093
potentialnet,20260502_095137,train,12,0.8729,1.083,0.5001,0.1247,0.0003,1.0,1.4438,1.8041,0.5393,0.5329,0.686,0.1388,1.9559
potentialnet,20260502_095137,train,14,0.861,1.0476,0.5,0.1245,0.0,1.0,1.4124,1.7531,0.5595,0.5443,0.6888,0.1387,1.9086
potentialnet,20260502_095137,train,16,0.8604,0.9781,0.5,0.1245,0.0,1.0,1.3461,1.6867,0.5749,0.5649,0.6997,0.1457,1.8385
potentialnet,20260502_095137,train,18,0.8684,1.0073,0.5,0.1245,0.0,1.0,1.3707,1.7144,0.5637,0.5687,0.7018,0.1385,1.8757000000000001
potentialnet,20260502_095137,train,20,0.8724,0.9631,0.5,0.1245,0.0,1.0,1.3277,1.6588,0.5932,0.5871,0.7078,0.1436,1.8355
potentialnet,20260502_095137,train,22,0.8607,0.9463,0.5,0.1245,0.0,1.0,1.3079,1.6386,0.6085,0.6009,0.7097,0.1492,1.807
potentialnet,20260502_095137,train,24,0.8645,0.9506,0.5,0.1245,0.0,1.0,1.3187,1.6519,0.5983,0.5904,0.7078,0.1463,1.8151000000000002
potentialnet,20260502_095137,train,26,0.8615,0.9223,0.5,0.1245,0.0,1.0,1.2855,1.615,0.6186,0.6111,0.7201,0.1475,1.7838
potentialnet,20260502_095137,train,28,0.8721,0.9177,0.5,0.1245,0.0001,1.0,1.2797,1.6117,0.6188,0.6113,0.7152,0.1484,1.7898
potentialnet,20260502_095137,train,30,0.8764,0.9573,0.5,0.1245,0.0,1.0,1.3197,1.6656,0.6214,0.6133,0.7203,0.147,1.8336999999999999
potentialnet,20260502_095137,train,32,0.8633,0.9344,0.5,0.1245,0.0,1.0,1.2997,1.6293,0.6114,0.6056,0.7119,0.1405,1.7976999999999999
potentialnet,20260502_095137,train,34,0.8674,0.9148,0.5,0.1245,0.0,1.0,1.2755,1.6118,0.6286,0.6184,0.723,0.1484,1.7822
potentialnet,20260502_095137,train,36,0.8696,0.9215,0.5,0.1245,0.0,1.0,1.2818,1.6196,0.6375,0.6325,0.7268,0.1485,1.7911000000000001
potentialnet,20260502_095137,train,38,0.865,0.9048,0.5,0.1245,0.0,1.0,1.2642,1.5893,0.6342,0.6278,0.7238,0.1502,1.7698
potentialnet,20260502_095137,train,40,0.8664,0.9112,0.5,0.1245,0.0,1.0,1.2688,1.5977,0.6456,0.6365,0.7281,0.149,1.7776
potentialnet,20260502_095137,train,42,0.8651,0.887,0.5,0.1245,0.0,1.0,1.2482,1.5783,0.6452,0.6363,0.7275,0.1545,1.7521
potentialnet,20260502_095137,train,44,0.8673,0.8758,0.5,0.1245,0.0,1.0,1.2361,1.5632,0.6473,0.6371,0.7294,0.1542,1.7431
potentialnet,20260502_095137,train,46,0.8673,0.9648,0.5,0.1245,0.0,1.0,1.3167,1.6685,0.6307,0.6191,0.7181,0.157,1.8321
potentialnet,20260502_095137,train,48,0.8622,0.8556,0.5,0.1245,0.0,1.0,1.2149,1.5511,0.6572,0.6526,0.733,0.1498,1.7178
potentialnet,20260502_095137,train,50,0.86,0.8872,0.5,0.1245,0.0,1.0,1.2457,1.5779,0.6531,0.6459,0.732,0.1588,1.7471999999999999
potentialnet,20260502_095137,train,52,0.8632,0.8476,0.5,0.1245,0.0,1.0,1.2084,1.53,0.6658,0.6613,0.7387,0.1569,1.7107999999999999
potentialnet,20260502_095137,train,54,0.8662,0.8488,0.5,0.1245,0.0,1.0,1.2135,1.5353,0.6646,0.6583,0.7399,0.1576,1.7149999999999999
potentialnet,20260502_095137,train,56,0.8661,0.8429,0.5,0.1245,0.0,1.0,1.2037,1.5274,0.6758,0.6685,0.7424,0.1619,1.709
potentialnet,20260502_095137,train,58,0.8557,0.8853,0.5001,0.1249,0.0005,0.9997,1.2414,1.5769,0.6703,0.6649,0.74,0.1606,1.741
potentialnet,20260502_095137,train,60,0.8643,0.8213,0.5,0.1245,0.0001,1.0,1.1751,1.4997,0.6824,0.6776,0.748,0.164,1.6856
potentialnet,20260502_095137,train,62,0.8684,0.8432,0.5001,0.1246,0.0002,1.0,1.2047,1.5321,0.6778,0.671,0.7396,0.1628,1.7115999999999998
potentialnet,20260502_095137,train,64,0.8618,0.8178,0.5,0.1246,0.0001,0.9999,1.1769,1.4901,0.6859,0.6804,0.7466,0.1635,1.6796
potentialnet,20260502_095137,train,66,0.8656,0.8026,0.5,0.1245,0.0001,1.0,1.1612,1.4763,0.6966,0.6881,0.749,0.1646,1.6682000000000001
potentialnet,20260502_095137,train,68,0.8518,0.8246,0.5002,0.1249,0.0005,0.9999,1.1756,1.5039,0.6998,0.6907,0.7509,0.1689,1.6764000000000001
potentialnet,20260502_095137,train,70,0.8731,0.8141,0.5002,0.1249,0.0005,0.9999,1.1674,1.4837,0.6959,0.6902,0.7517,0.1662,1.6872
potentialnet,20260502_095137,train,72,0.8648,0.8034,0.5002,0.1249,0.0005,0.9999,1.161,1.4745,0.7053,0.7004,0.7572,0.1635,1.6682000000000001
potentialnet,20260502_095137,train,74,0.856,0.7899,0.5,0.1245,0.0,0.9999,1.1487,1.4571,0.7041,0.696,0.7518,0.1731,1.6459000000000001
potentialnet,20260502_095137,train,76,0.8594,0.7939,0.5001,0.1246,0.0001,1.0,1.1516,1.4662,0.7139,0.7056,0.7556,0.1723,1.6533000000000002
